{
  "global_label_mass": [
    0.3166666666666667,
    0.38333333333333336,
    0.3
  ],
  "client_l1_divergence": {
    "client_a": 0.9666666666666668,
    "client_b": 0.9333333333333333,
    "client_c": 1.1
  },
  "max_client_shift": 1.1
}